name_short,name_official,ISO2,ISO3,UNmember,UNcode,UNregion
Afghanistan,Islamic Republic of Afghanistan,AF,AFG,1946,4,Southern Asia
Albania,Republic of Albania,AL,ALB,1955,8,Southern Europe
Algeria,People's Democratic Republic of Algeria,DZ,DZA,1962,12,Northern Africa
Andorra,Principality of Andorra,AD,AND,1993,20,Southern Europe
Angola,Republic of Angola,AO,AGO,1976,24,Middle Africa
Antigua and Barbuda,Antigua and Barbuda,AG,ATG,1981,28,Caribbean
Argentina,Argentine Republic,AR,ARG,1945,32,South America
Armenia,Republic of Armenia,AM,ARM,1992,51,Western Asia
Australia,Commonwealth of Australia,AU,AUS,1945,36,Australia and New Zealand
Austria,Republic of Austria,AT,AUT,1955,40,Western Europe
Azerbaijan,Republic of Azerbaijan,AZ,AZE,1992,31,Western Asia
Bahamas,Commonwealth of the Bahamas,BS,BHS,1973,44,Caribbean
Bahrain,Kingdom of Bahrain,BH,BHR,1971,48,Western Asia
Bangladesh,People's Republic of Bangladesh,BD,BGD,1974,50,Southern Asia
Barbados,Barbados,BB,BRB,1966,52,Caribbean
Belarus,Republic of Belarus,BY,BLR,1945,112,Eastern Europe
Belgium,Kingdom of Belgium,BE,BEL,1945,56,Western Europe
Belize,Belize,BZ,BLZ,1981,84,Central America
Benin,Republic of Benin,BJ,BEN,1960,204,Western Africa
Bhutan,Kingdom of Bhutan,BT,BTN,1971,64,Southern Asia
Bolivia,Plurinational State of Bolivia,BO,BOL,1945,68,South America
Bosnia and Herzegovina,Bosnia and Herzegovina,BA,BIH,1992,70,Southern Europe
Botswana,Republic of Botswana,BW,BWA,1966,72,Southern Africa
Brazil,Federative Republic of Brazil,BR,BRA,1945,76,South America
Brunei Darussalam,"Nation of Brunei, Abode of Peace",BN,BRN,1984,96,South-eastern Asia
Bulgaria,Republic of Bulgaria,BG,BGR,1955,100,Eastern Europe
Burkina Faso,Burkina Faso,BF,BFA,1960,854,Western Africa
Burundi,Republic of Burundi,BI,BDI,1962,108,Eastern Africa
Cabo Verde,Republic of Cabo Verde,CV,CPV,1975,132,Western Africa
Cambodia,Kingdom of Cambodia,KH,KHM,1955,116,South-eastern Asia
Cameroon,Republic of Cameroon,CM,CMR,1960,120,Middle Africa
Canada,Canada,CA,CAN,1945,124,Northern America
Central African Republic,Central African Republic,CF,CAF,1960,140,Middle Africa
Chad,Republic of Chad,TD,TCD,1960,148,Middle Africa
Chile,Republic of Chile,CL,CHL,1945,152,South America
China,People's Republic of China,CN,CHN,1945,156,Eastern Asia
Colombia,Republic of Colombia,CO,COL,1945,170,South America
Comoros,Union of the Comoros,KM,COM,1975,174,Eastern Africa
Congo Republic,Republic of the Congo,CG,COG,1960,178,Middle Africa
Costa Rica,Republic of Costa Rica,CR,CRI,1945,188,Central America
Croatia,Republic of Croatia,HR,HRV,1992,191,Southern Europe
Cuba,Republic of Cuba,CU,CUB,1945,192,Caribbean
Cyprus,Republic of Cyprus,CY,CYP,1960,196,Western Asia
Czechia,Czech Republic,CZ,CZE,1993,203,Eastern Europe
Côte d'Ivoire,Republic of Côte d'Ivoire,CI,CIV,1960,384,Western Africa
DR Congo,Democratic Republic of the Congo,CD,COD,1960,180,Middle Africa
Denmark,Kingdom of Denmark,DK,DNK,1945,208,Northern Europe
Djibouti,Republic of Djibouti,DJ,DJI,1977,262,Eastern Africa
Dominica,Commonwealth of Dominica,DM,DMA,1978,212,Caribbean
Dominican Republic,Dominican Republic,DO,DOM,1945,214,Caribbean
Ecuador,Republic of Ecuador,EC,ECU,1945,218,South America
Egypt,Arab Republic of Egypt,EG,EGY,1945,818,Northern Africa
El Salvador,Republic of El Salvador,SV,SLV,1945,222,Central America
Equatorial Guinea,Republic of Equatorial Guinea,GQ,GNQ,1968,226,Middle Africa
Eritrea,State of Eritrea,ER,ERI,1993,232,Eastern Africa
Estonia,Republic of Estonia,EE,EST,1991,233,Northern Europe
Eswatini,Kingdom of Eswatini,SZ,SWZ,1968,748,Southern Africa
Ethiopia,Federal Democratic Republic of Ethiopia,ET,ETH,1945,231,Eastern Africa
Fiji,Republic of Fiji,FJ,FJI,1970,242,Melanesia
Finland,Republic of Finland,FI,FIN,1955,246,Northern Europe
France,French Republic,FR,FRA,1945,250,Western Europe
Gabon,Gabonese Republic,GA,GAB,1960,266,Middle Africa
Gambia,Republic of the Gambia,GM,GMB,1965,270,Western Africa
Georgia,Georgia,GE,GEO,1992,268,Western Asia
Germany,Federal Republic of Germany,DE,DEU,1973,276,Western Europe
Ghana,Republic of Ghana,GH,GHA,1957,288,Western Africa
Greece,Hellenic Republic,^GR$|^EL$,GRC,1945,300,Southern Europe
Grenada,Grenada,GD,GRD,1974,308,Caribbean
Guatemala,Republic of Guatemala,GT,GTM,1945,320,Central America
Guinea,Republic of Guinea,GN,GIN,1958,324,Western Africa
Guinea-Bissau,Republic of Guinea-Bissau,GW,GNB,1974,624,Western Africa
Guyana,Co-operative Republic of Guyana,GY,GUY,1966,328,South America
Haiti,Republic of Haiti,HT,HTI,1945,332,Caribbean
Honduras,Republic of Honduras,HN,HND,1945,340,Central America
Hungary,Republic of Hungary,HU,HUN,1955,348,Eastern Europe
Iceland,Republic of Iceland,IS,ISL,1946,352,Northern Europe
India,Republic of India,IN,IND,1945,356,Southern Asia
Indonesia,Republic of Indonesia,ID,IDN,1950,360,South-eastern Asia
Iran,Islamic Republic of Iran,IR,IRN,1945,364,Southern Asia
Iraq,Republic of Iraq,IQ,IRQ,1945,368,Western Asia
Ireland,Ireland,IE,IRL,1955,372,Northern Europe
Israel,State of Israel,IL,ISR,1949,376,Western Asia
Italy,Italian Republic,IT,ITA,1955,380,Southern Europe
Jamaica,Jamaica,JM,JAM,1962,388,Caribbean
Japan,Japan,JP,JPN,1956,392,Eastern Asia
Jordan,Hashemite Kingdom of Jordan,JO,JOR,1955,400,Western Asia
Kazakhstan,Republic of Kazakhstan,KZ,KAZ,1992,398,Central Asia
Kenya,Republic of Kenya,KE,KEN,1963,404,Eastern Africa
Kiribati,Republic of Kiribati,KI,KIR,1999,296,Micronesia
Kuwait,State of Kuwait,KW,KWT,1963,414,Western Asia
Kyrgyzstan,Kyrgyz Republic,KG,KGZ,1992,417,Central Asia
Laos,Lao People's Democratic Republic,LA,LAO,1955,418,South-eastern Asia
Latvia,Republic of Latvia,LV,LVA,1991,428,Northern Europe
Lebanon,Lebanese Republic,LB,LBN,1945,422,Western Asia
Lesotho,Kingdom of Lesotho,LS,LSO,1966,426,Southern Africa
Liberia,Republic of Liberia,LR,LBR,1945,430,Western Africa
Libya,State of Libya,LY,LBY,1955,434,Northern Africa
Liechtenstein,Principality of Liechtenstein,LI,LIE,1990,438,Western Europe
Lithuania,Republic of Lithuania,LT,LTU,1991,440,Northern Europe
Luxembourg,Grand Duchy of Luxembourg,LU,LUX,1945,442,Western Europe
Madagascar,Republic of Madagascar,MG,MDG,1960,450,Eastern Africa
Malawi,Republic of Malawi,MW,MWI,1964,454,Eastern Africa
Malaysia,Malaysia,MY,MYS,1957,458,South-eastern Asia
Maldives,Republic of Maldives,MV,MDV,1965,462,Southern Asia
Mali,Republic of Mali,ML,MLI,1960,466,Western Africa
Malta,Republic of Malta,MT,MLT,1964,470,Southern Europe
Marshall Islands,Republic of the Marshall Islands,MH,MHL,1991,584,Micronesia
Mauritania,Islamic Republic of Mauritania,MR,MRT,1961,478,Western Africa
Mauritius,Republic of Mauritius,MU,MUS,1968,480,Eastern Africa
Mexico,United Mexican States,MX,MEX,1945,484,Central America
"Micronesia, Fed. Sts.",Federated States of Micronesia,FM,FSM,1991,583,Micronesia
Moldova,Republic of Moldova,MD,MDA,1992,498,Eastern Europe
Monaco,Principality of Monaco,MC,MCO,1993,492,Western Europe
Mongolia,Mongolia,MN,MNG,1961,496,Eastern Asia
Montenegro,Montenegro,ME,MNE,2006,499,Southern Europe
Morocco,Kingdom of Morocco,MA,MAR,1956,504,Northern Africa
Mozambique,Republic of Mozambique,MZ,MOZ,1975,508,Eastern Africa
Myanmar,Republic of the Union of Myanmar,MM,MMR,1948,104,South-eastern Asia
Namibia,Republic of Namibia,NA,NAM,1990,516,Southern Africa
Nauru,Republic of Nauru,NR,NRU,1999,520,Polynesia
Nepal,Federal Democratic Republic of Nepal,NP,NPL,1955,524,Southern Asia
Netherlands,Kingdom of the Netherlands,NL,NLD,1945,528,Western Europe
New Zealand,New Zealand,NZ,NZL,1945,554,Australia and New Zealand
Nicaragua,Republic of Nicaragua,NI,NIC,1945,558,Central America
Niger,Republic of Niger,NE,NER,1960,562,Western Africa
Nigeria,Federal Republic of Nigeria,NG,NGA,1960,566,Western Africa
North Korea,Democratic People's Republic of Korea,KP,PRK,1991,408,Eastern Asia
North Macedonia,Republic of North Macedonia,MK,MKD,1993,807,Southern Europe
Norway,Kingdom of Norway,NO,NOR,1945,578,Northern Europe
Oman,Sultanate of Oman,OM,OMN,1971,512,Western Asia
Pakistan,Islamic Republic of Pakistan,PK,PAK,1947,586,Southern Asia
Palau,Republic of Palau,PW,PLW,1994,585,Micronesia
Panama,Republic of Panama,PA,PAN,1945,591,Central America
Papua New Guinea,Independent State of Papua New Guinea,PG,PNG,1975,598,Melanesia
Paraguay,Republic of Paraguay,PY,PRY,1945,600,South America
Peru,Republic of Peru,PE,PER,1945,604,South America
Philippines,Republic of the Philippines,PH,PHL,1945,608,South-eastern Asia
Poland,Republic of Poland,PL,POL,1945,616,Eastern Europe
Portugal,Portuguese Republic,PT,PRT,1955,620,Southern Europe
Qatar,State of Qatar,QA,QAT,1971,634,Western Asia
Romania,Romania,RO,ROU,1955,642,Eastern Europe
Russia,Russian Federation,RU,RUS,1945,643,Eastern Europe
Rwanda,Republic of Rwanda,RW,RWA,1962,646,Eastern Africa
Samoa,Independent State of Samoa,WS,WSM,1976,882,Polynesia
San Marino,Republic of San Marino,SM,SMR,1992,674,Southern Europe
Sao Tome and Principe,Democratic Republic of São Tomé and Príncipe,ST,STP,1975,678,Middle Africa
Saudi Arabia,Kingdom of Saudi Arabia,SA,SAU,1945,682,Western Asia
Senegal,Republic of Senegal,SN,SEN,1960,686,Western Africa
Serbia,Republic of Serbia,RS,SRB,2000,688,Southern Europe
Seychelles,Republic of Seychelles,SC,SYC,1976,690,Eastern Africa
Sierra Leone,Republic of Sierra Leone,SL,SLE,1961,694,Western Africa
Singapore,Republic of Singapore,SG,SGP,1965,702,South-eastern Asia
Slovakia,Slovak Republic,SK,SVK,1993,703,Eastern Europe
Slovenia,Republic of Slovenia,SI,SVN,1992,705,Southern Europe
Solomon Islands,Solomon Islands,SB,SLB,1978,90,Melanesia
Somalia,Federal Republic of Somalia,SO,SOM,1960,706,Eastern Africa
South Africa,Republic of South Africa,ZA,ZAF,1945,710,Southern Africa
South Korea,Republic of Korea,KR,KOR,1991,410,Eastern Asia
South Sudan,Republic of South Sudan,SS,SSD,2011,728,Eastern Africa
Spain,Kingdom of Spain,ES,ESP,1955,724,Southern Europe
Sri Lanka,Democratic Socialist Republic of Sri Lanka,LK,LKA,1955,144,Southern Asia
St. Kitts and Nevis,Saint Kitts and Nevis,KN,KNA,1983,659,Caribbean
St. Lucia,Saint Lucia,LC,LCA,1979,662,Caribbean
St. Vincent and the Grenadines,Saint Vincent and the Grenadines,VC,VCT,1980,670,Caribbean
Sudan,Republic of the Sudan,SD,SDN,1956,729,Northern Africa
Suriname,Republic of Suriname,SR,SUR,1975,740,South America
Sweden,Kingdom of Sweden,SE,SWE,1946,752,Northern Europe
Switzerland,Swiss Confederation,CH,CHE,2002,756,Western Europe
Syria,Syrian Arab Republic,SY,SYR,1945,760,Western Asia
Tajikistan,Republic of Tajikistan,TJ,TJK,1992,762,Central Asia
Tanzania,United Republic of Tanzania,TZ,TZA,1961,834,Eastern Africa
Thailand,Kingdom of Thailand,TH,THA,1946,764,South-eastern Asia
Timor-Leste,Democratic Republic of Timor-Leste,TL,TLS,2002,626,South-eastern Asia
Togo,Togolese Republic,TG,TGO,1960,768,Western Africa
Tonga,Kingdom of Tonga,TO,TON,1999,776,Polynesia
Trinidad and Tobago,Republic of Trinidad and Tobago,TT,TTO,1962,780,Caribbean
Tunisia,Republic of Tunisia,TN,TUN,1956,788,Northern Africa
Turkmenistan,Turkmenistan,TM,TKM,1992,795,Central Asia
Tuvalu,Tuvalu,TV,TUV,2000,798,Polynesia
Türkiye,Republic of Türkiye,TR,TUR,1945,792,Western Asia
Uganda,Republic of Uganda,UG,UGA,1962,800,Eastern Africa
Ukraine,Ukraine,UA,UKR,1945,804,Eastern Europe
United Arab Emirates,United Arab Emirates,AE,ARE,1971,784,Western Asia
United Kingdom,United Kingdom of Great Britain and Northern Ireland,^GB$|^UK$,GBR,1945,826,Northern Europe
United States,United States of America,US,USA,1945,840,Northern America
Uruguay,Oriental Republic of Uruguay,UY,URY,1945,858,South America
Uzbekistan,Republic of Uzbekistan,UZ,UZB,1992,860,Central Asia
Vanuatu,Republic of Vanuatu,VU,VUT,1981,548,Melanesia
Venezuela,Bolivarian Republic of Venezuela,VE,VEN,1945,862,South America
Vietnam,Socialist Republic of Vietnam,VN,VNM,1977,704,South-eastern Asia
Yemen,Republic of Yemen,YE,YEM,1947,887,Western Asia
Zambia,Republic of Zambia,ZM,ZMB,1964,894,Eastern Africa
Zimbabwe,Republic of Zimbabwe,ZW,ZWE,1980,716,Eastern Africa
